family_id,fabricated,hardware,business_unit_id,period,demand
1,Y,1,1,1,355
1,Y,1,1,2,205
1,Y,1,1,3,1303
1,Y,1,1,4,202
1,Y,1,1,5,303
1,Y,1,1,6,924
1,Y,1,1,7,82
1,Y,1,1,8,829
1,Y,1,1,9,809
1,Y,1,1,10,400
1,Y,1,1,11,200
1,Y,1,1,12,0
1,Y,1,1,13,901
1,Y,1,1,14,33
1,Y,1,1,15,399
1,Y,1,1,16,49
1,Y,1,1,17,156
1,Y,1,1,18,150
1,Y,1,1,19,296
1,Y,1,1,20,1054
1,Y,1,1,21,6
1,Y,1,1,22,1504
1,Y,1,1,23,0
1,Y,1,1,24,0
1,Y,1,1,25,0
1,Y,1,1,26,0
1,Y,1,1,27,0
1,Y,1,1,28,0
1,Y,1,1,29,0
1,Y,1,1,30,0
1,Y,1,1,31,0
1,Y,1,1,32,0
1,Y,1,1,33,0
1,Y,1,1,34,0
1,Y,1,1,35,0
1,Y,1,1,36,0
1,Y,1,1,37,0
1,Y,1,1,38,0
1,Y,1,1,39,0
1,Y,1,1,40,0
1,Y,1,1,41,0
1,Y,1,1,42,0
1,Y,1,1,43,0
1,Y,1,1,44,0
1,Y,1,1,45,0
2,Y,1,1,1,173
2,Y,1,1,2,68
2,Y,1,1,3,279
2,Y,1,1,4,292
2,Y,1,1,5,196
2,Y,1,1,6,133
2,Y,1,1,7,48
2,Y,1,1,8,203
2,Y,1,1,9,177
2,Y,1,1,10,25
2,Y,1,1,11,280
2,Y,1,1,12,234
2,Y,1,1,13,140
2,Y,1,1,14,27
2,Y,1,1,15,285
2,Y,1,1,16,60
2,Y,1,1,17,144
2,Y,1,1,18,34
2,Y,1,1,19,154
2,Y,1,1,20,28
2,Y,1,1,21,1
2,Y,1,1,22,520
2,Y,1,1,23,130
2,Y,1,1,24,541
2,Y,1,1,25,98
2,Y,1,1,26,96
2,Y,1,1,27,69
2,Y,1,1,28,230
2,Y,1,1,29,39
2,Y,1,1,30,32
2,Y,1,1,31,52
2,Y,1,1,32,334
2,Y,1,1,33,382
2,Y,1,1,34,141
2,Y,1,1,35,29
2,Y,1,1,36,78
2,Y,1,1,37,20
2,Y,1,1,38,50
2,Y,1,1,39,2
2,Y,1,1,40,85
2,Y,1,1,41,64
2,Y,1,1,42,0
2,Y,1,1,43,0
2,Y,1,1,44,0
2,Y,1,1,45,0
3,Y,1,1,1,25
3,Y,1,1,2,30
3,Y,1,1,3,12
3,Y,1,1,4,28
3,Y,1,1,5,0
3,Y,1,1,6,0
3,Y,1,1,7,136
3,Y,1,1,8,0
3,Y,1,1,9,0
3,Y,1,1,10,65
3,Y,1,1,11,36
3,Y,1,1,12,0
3,Y,1,1,13,6
3,Y,1,1,14,5
3,Y,1,1,15,10
3,Y,1,1,16,0
3,Y,1,1,17,0
3,Y,1,1,18,0
3,Y,1,1,19,184
3,Y,1,1,20,75
3,Y,1,1,21,0
3,Y,1,1,22,139
3,Y,1,1,23,0
3,Y,1,1,24,33
3,Y,1,1,25,8
3,Y,1,1,26,20
3,Y,1,1,27,10
3,Y,1,1,28,141
3,Y,1,1,29,35
3,Y,1,1,30,28
3,Y,1,1,31,0
3,Y,1,1,32,58
3,Y,1,1,33,5
3,Y,1,1,34,0
3,Y,1,1,35,6
3,Y,1,1,36,10
3,Y,1,1,37,0
3,Y,1,1,38,0
3,Y,1,1,39,1
3,Y,1,1,40,22
3,Y,1,1,41,10
3,Y,1,1,42,1
3,Y,1,1,43,129
3,Y,1,1,44,22
3,Y,1,1,45,0
4,Y,1,1,1,55
4,Y,1,1,2,64
4,Y,1,1,3,45
4,Y,1,1,4,39
4,Y,1,1,5,105
4,Y,1,1,6,560
4,Y,1,1,7,39
4,Y,1,1,8,15
4,Y,1,1,9,37
4,Y,1,1,10,41
4,Y,1,1,11,79
4,Y,1,1,12,0
4,Y,1,1,13,209
4,Y,1,1,14,56
4,Y,1,1,15,102
4,Y,1,1,16,24
4,Y,1,1,17,3
4,Y,1,1,18,16
4,Y,1,1,19,116
4,Y,1,1,20,920
4,Y,1,1,21,60
4,Y,1,1,22,13
4,Y,1,1,23,39
4,Y,1,1,24,16
4,Y,1,1,25,49
4,Y,1,1,26,18
4,Y,1,1,27,12
4,Y,1,1,28,48
4,Y,1,1,29,315
4,Y,1,1,30,22
4,Y,1,1,31,62
4,Y,1,1,32,83
4,Y,1,1,33,42
4,Y,1,1,34,16
4,Y,1,1,35,16
4,Y,1,1,36,10
4,Y,1,1,37,5
4,Y,1,1,38,40
4,Y,1,1,39,46
4,Y,1,1,40,54
4,Y,1,1,41,62
4,Y,1,1,42,49
4,Y,1,1,43,6
4,Y,1,1,44,339
4,Y,1,1,45,84
5,Y,1,1,1,116
5,Y,1,1,2,0
5,Y,1,1,3,10
5,Y,1,1,4,10
5,Y,1,1,5,0
5,Y,1,1,6,0
5,Y,1,1,7,0
5,Y,1,1,8,0
5,Y,1,1,9,0
5,Y,1,1,10,15
5,Y,1,1,11,0
5,Y,1,1,12,27
5,Y,1,1,13,0
5,Y,1,1,14,0
5,Y,1,1,15,0
5,Y,1,1,16,0
5,Y,1,1,17,0
5,Y,1,1,18,0
5,Y,1,1,19,0
5,Y,1,1,20,0
5,Y,1,1,21,0
5,Y,1,1,22,50
5,Y,1,1,23,0
5,Y,1,1,24,0
5,Y,1,1,25,10
5,Y,1,1,26,34
5,Y,1,1,27,15
5,Y,1,1,28,11
5,Y,1,1,29,0
5,Y,1,1,30,0
5,Y,1,1,31,15
5,Y,1,1,32,0
5,Y,1,1,33,0
5,Y,1,1,34,100
5,Y,1,1,35,0
5,Y,1,1,36,0
5,Y,1,1,37,0
5,Y,1,1,38,0
5,Y,1,1,39,0
5,Y,1,1,40,25
5,Y,1,1,41,0
5,Y,1,1,42,0
5,Y,1,1,43,0
5,Y,1,1,44,0
5,Y,1,1,45,0
6,Y,1,1,1,0
6,Y,1,1,2,200
6,Y,1,1,3,854
6,Y,1,1,4,478
6,Y,1,1,5,291
6,Y,1,1,6,260
6,Y,1,1,7,0
6,Y,1,1,8,0
6,Y,1,1,9,770
6,Y,1,1,10,0
6,Y,1,1,11,1030
6,Y,1,1,12,0
6,Y,1,1,13,655
6,Y,1,1,14,45
6,Y,1,1,15,0
6,Y,1,1,16,0
6,Y,1,1,17,0
6,Y,1,1,18,605
6,Y,1,1,19,0
6,Y,1,1,20,0
6,Y,1,1,21,0
6,Y,1,1,22,1367
6,Y,1,1,23,700
6,Y,1,1,24,0
6,Y,1,1,25,0
6,Y,1,1,26,0
6,Y,1,1,27,400
6,Y,1,1,28,0
6,Y,1,1,29,0
6,Y,1,1,30,0
6,Y,1,1,31,0
6,Y,1,1,32,0
6,Y,1,1,33,0
6,Y,1,1,34,0
6,Y,1,1,35,0
6,Y,1,1,36,0
6,Y,1,1,37,0
6,Y,1,1,38,0
6,Y,1,1,39,42
6,Y,1,1,40,0
6,Y,1,1,41,133
6,Y,1,1,42,0
6,Y,1,1,43,353
6,Y,1,1,44,0
6,Y,1,1,45,0
7,Y,1,1,1,199
7,Y,1,1,2,0
7,Y,1,1,3,21
7,Y,1,1,4,40
7,Y,1,1,5,2
7,Y,1,1,6,79
7,Y,1,1,7,68
7,Y,1,1,8,10
7,Y,1,1,9,0
7,Y,1,1,10,41
7,Y,1,1,11,58
7,Y,1,1,12,10
7,Y,1,1,13,93
7,Y,1,1,14,0
7,Y,1,1,15,0
7,Y,1,1,16,2
7,Y,1,1,17,963
7,Y,1,1,18,135
7,Y,1,1,19,180
7,Y,1,1,20,2
7,Y,1,1,21,5
7,Y,1,1,22,46
7,Y,1,1,23,314
7,Y,1,1,24,193
7,Y,1,1,25,20
7,Y,1,1,26,0
7,Y,1,1,27,9
7,Y,1,1,28,0
7,Y,1,1,29,162
7,Y,1,1,30,5
7,Y,1,1,31,216
7,Y,1,1,32,6
7,Y,1,1,33,13
7,Y,1,1,34,43
7,Y,1,1,35,18
7,Y,1,1,36,10
7,Y,1,1,37,10
7,Y,1,1,38,0
7,Y,1,1,39,39
7,Y,1,1,40,0
7,Y,1,1,41,0
7,Y,1,1,42,6
7,Y,1,1,43,26
7,Y,1,1,44,12
7,Y,1,1,45,166
8,Y,1,1,1,189
8,Y,1,1,2,0
8,Y,1,1,3,139
8,Y,1,1,4,5
8,Y,1,1,5,6
8,Y,1,1,6,6
8,Y,1,1,7,5
8,Y,1,1,8,0
8,Y,1,1,9,10
8,Y,1,1,10,5
8,Y,1,1,11,0
8,Y,1,1,12,7
8,Y,1,1,13,0
8,Y,1,1,14,2
8,Y,1,1,15,278
8,Y,1,1,16,10
8,Y,1,1,17,0
8,Y,1,1,18,43
8,Y,1,1,19,0
8,Y,1,1,20,0
8,Y,1,1,21,10
8,Y,1,1,22,0
8,Y,1,1,23,0
8,Y,1,1,24,72
8,Y,1,1,25,5
8,Y,1,1,26,0
8,Y,1,1,27,10
8,Y,1,1,28,0
8,Y,1,1,29,19
8,Y,1,1,30,69
8,Y,1,1,31,646
8,Y,1,1,32,52
8,Y,1,1,33,30
8,Y,1,1,34,22
8,Y,1,1,35,26
8,Y,1,1,36,66
8,Y,1,1,37,67
8,Y,1,1,38,0
8,Y,1,1,39,0
8,Y,1,1,40,9
8,Y,1,1,41,52
8,Y,1,1,42,0
8,Y,1,1,43,0
8,Y,1,1,44,108
8,Y,1,1,45,127
9,Y,1,1,1,232
9,Y,1,1,2,142
9,Y,1,1,3,296
9,Y,1,1,4,808
9,Y,1,1,5,200
9,Y,1,1,6,755
9,Y,1,1,7,915
9,Y,1,1,8,84
9,Y,1,1,9,372
9,Y,1,1,10,167
9,Y,1,1,11,217
9,Y,1,1,12,74
9,Y,1,1,13,344
9,Y,1,1,14,4
9,Y,1,1,15,515
9,Y,1,1,16,19
9,Y,1,1,17,547
9,Y,1,1,18,336
9,Y,1,1,19,153
9,Y,1,1,20,466
9,Y,1,1,21,93
9,Y,1,1,22,94
9,Y,1,1,23,261
9,Y,1,1,24,440
9,Y,1,1,25,113
9,Y,1,1,26,465
9,Y,1,1,27,125
9,Y,1,1,28,12
9,Y,1,1,29,57
9,Y,1,1,30,686
9,Y,1,1,31,668
9,Y,1,1,32,214
9,Y,1,1,33,696
9,Y,1,1,34,341
9,Y,1,1,35,590
9,Y,1,1,36,78
9,Y,1,1,37,657
9,Y,1,1,38,376
9,Y,1,1,39,218
9,Y,1,1,40,60
9,Y,1,1,41,325
9,Y,1,1,42,88
9,Y,1,1,43,168
9,Y,1,1,44,357
9,Y,1,1,45,15
10,Y,1,1,1,0
10,Y,1,1,2,0
10,Y,1,1,3,40
10,Y,1,1,4,5
10,Y,1,1,5,0
10,Y,1,1,6,0
10,Y,1,1,7,5
10,Y,1,1,8,0
10,Y,1,1,9,6
10,Y,1,1,10,0
10,Y,1,1,11,5
10,Y,1,1,12,0
10,Y,1,1,13,0
10,Y,1,1,14,0
10,Y,1,1,15,5
10,Y,1,1,16,0
10,Y,1,1,17,0
10,Y,1,1,18,0
10,Y,1,1,19,6
10,Y,1,1,20,0
10,Y,1,1,21,0
10,Y,1,1,22,0
10,Y,1,1,23,0
10,Y,1,1,24,0
10,Y,1,1,25,0
10,Y,1,1,26,0
10,Y,1,1,27,22
10,Y,1,1,28,0
10,Y,1,1,29,14
10,Y,1,1,30,0
10,Y,1,1,31,0
10,Y,1,1,32,0
10,Y,1,1,33,0
10,Y,1,1,34,111
10,Y,1,1,35,1
10,Y,1,1,36,0
10,Y,1,1,37,0
10,Y,1,1,38,0
10,Y,1,1,39,0
10,Y,1,1,40,0
10,Y,1,1,41,0
10,Y,1,1,42,0
10,Y,1,1,43,3
10,Y,1,1,44,0
10,Y,1,1,45,0
11,Y,1,1,1,11
11,Y,1,1,2,8
11,Y,1,1,3,0
11,Y,1,1,4,0
11,Y,1,1,5,50
11,Y,1,1,6,66
11,Y,1,1,7,175
11,Y,1,1,8,0
11,Y,1,1,9,195
11,Y,1,1,10,0
11,Y,1,1,11,316
11,Y,1,1,12,0
11,Y,1,1,13,0
11,Y,1,1,14,20
11,Y,1,1,15,5
11,Y,1,1,16,0
11,Y,1,1,17,0
11,Y,1,1,18,100
11,Y,1,1,19,0
11,Y,1,1,20,70
11,Y,1,1,21,0
11,Y,1,1,22,0
11,Y,1,1,23,0
11,Y,1,1,24,17
11,Y,1,1,25,0
11,Y,1,1,26,0
11,Y,1,1,27,0
11,Y,1,1,28,5
11,Y,1,1,29,0
11,Y,1,1,30,5
11,Y,1,1,31,88
11,Y,1,1,32,0
11,Y,1,1,33,0
11,Y,1,1,34,0
11,Y,1,1,35,13
11,Y,1,1,36,0
11,Y,1,1,37,0
11,Y,1,1,38,29
11,Y,1,1,39,0
11,Y,1,1,40,0
11,Y,1,1,41,92
11,Y,1,1,42,0
11,Y,1,1,43,0
11,Y,1,1,44,0
11,Y,1,1,45,41
12,Y,1,1,1,0
12,Y,1,1,2,52
12,Y,1,1,3,2
12,Y,1,1,4,0
12,Y,1,1,5,53
12,Y,1,1,6,50
12,Y,1,1,7,73
12,Y,1,1,8,71
12,Y,1,1,9,35
12,Y,1,1,10,0
12,Y,1,1,11,26
12,Y,1,1,12,110
12,Y,1,1,13,96
12,Y,1,1,14,54
12,Y,1,1,15,71
12,Y,1,1,16,0
12,Y,1,1,17,42
12,Y,1,1,18,15
12,Y,1,1,19,0
12,Y,1,1,20,4
12,Y,1,1,21,0
12,Y,1,1,22,5
12,Y,1,1,23,30
12,Y,1,1,24,50
12,Y,1,1,25,9
12,Y,1,1,26,169
12,Y,1,1,27,45
12,Y,1,1,28,35
12,Y,1,1,29,123
12,Y,1,1,30,30
12,Y,1,1,31,12
12,Y,1,1,32,0
12,Y,1,1,33,79
12,Y,1,1,34,0
12,Y,1,1,35,40
12,Y,1,1,36,18
12,Y,1,1,37,30
12,Y,1,1,38,0
12,Y,1,1,39,0
12,Y,1,1,40,0
12,Y,1,1,41,0
12,Y,1,1,42,69
12,Y,1,1,43,35
12,Y,1,1,44,30
12,Y,1,1,45,15
13,Y,1,1,1,215
13,Y,1,1,2,200
13,Y,1,1,3,459
13,Y,1,1,4,5
13,Y,1,1,5,49
13,Y,1,1,6,22
13,Y,1,1,7,12
13,Y,1,1,8,12
13,Y,1,1,9,115
13,Y,1,1,10,34
13,Y,1,1,11,11
13,Y,1,1,12,10
13,Y,1,1,13,17
13,Y,1,1,14,150
13,Y,1,1,15,12
13,Y,1,1,16,376
13,Y,1,1,17,0
13,Y,1,1,18,325
13,Y,1,1,19,112
13,Y,1,1,20,322
13,Y,1,1,21,0
13,Y,1,1,22,0
13,Y,1,1,23,11
13,Y,1,1,24,28
13,Y,1,1,25,111
13,Y,1,1,26,5
13,Y,1,1,27,0
13,Y,1,1,28,157
13,Y,1,1,29,58
13,Y,1,1,30,100
13,Y,1,1,31,50
13,Y,1,1,32,301
13,Y,1,1,33,18
13,Y,1,1,34,178
13,Y,1,1,35,5
13,Y,1,1,36,521
13,Y,1,1,37,0
13,Y,1,1,38,0
13,Y,1,1,39,30
13,Y,1,1,40,126
13,Y,1,1,41,100
13,Y,1,1,42,87
13,Y,1,1,43,6
13,Y,1,1,44,188
13,Y,1,1,45,24
14,Y,1,1,1,-6
14,Y,1,1,2,15
14,Y,1,1,3,0
14,Y,1,1,4,5
14,Y,1,1,5,5
14,Y,1,1,6,25
14,Y,1,1,7,0
14,Y,1,1,8,0
14,Y,1,1,9,127
14,Y,1,1,10,11
14,Y,1,1,11,5
14,Y,1,1,12,0
14,Y,1,1,13,4
14,Y,1,1,14,0
14,Y,1,1,15,32
14,Y,1,1,16,5
14,Y,1,1,17,0
14,Y,1,1,18,1
14,Y,1,1,19,0
14,Y,1,1,20,3
14,Y,1,1,21,-5
14,Y,1,1,22,0
14,Y,1,1,23,85
14,Y,1,1,24,8
14,Y,1,1,25,0
14,Y,1,1,26,10
14,Y,1,1,27,0
14,Y,1,1,28,7
14,Y,1,1,29,0
14,Y,1,1,30,0
14,Y,1,1,31,66
14,Y,1,1,32,13
14,Y,1,1,33,6
14,Y,1,1,34,0
14,Y,1,1,35,35
14,Y,1,1,36,0
14,Y,1,1,37,9
14,Y,1,1,38,0
14,Y,1,1,39,0
14,Y,1,1,40,0
14,Y,1,1,41,0
14,Y,1,1,42,5
14,Y,1,1,43,11
14,Y,1,1,44,55
14,Y,1,1,45,96
15,Y,1,1,1,0
15,Y,1,1,2,0
15,Y,1,1,3,50
15,Y,1,1,4,19
15,Y,1,1,5,5
15,Y,1,1,6,0
15,Y,1,1,7,0
15,Y,1,1,8,0
15,Y,1,1,9,21
15,Y,1,1,10,33
15,Y,1,1,11,0
15,Y,1,1,12,2
15,Y,1,1,13,0
15,Y,1,1,14,0
15,Y,1,1,15,30
15,Y,1,1,16,0
15,Y,1,1,17,16
15,Y,1,1,18,0
15,Y,1,1,19,0
15,Y,1,1,20,32
15,Y,1,1,21,0
15,Y,1,1,22,53
15,Y,1,1,23,0
15,Y,1,1,24,29
15,Y,1,1,25,0
15,Y,1,1,26,1
15,Y,1,1,27,0
15,Y,1,1,28,12
15,Y,1,1,29,0
15,Y,1,1,30,0
15,Y,1,1,31,20
15,Y,1,1,32,8
15,Y,1,1,33,0
15,Y,1,1,34,0
15,Y,1,1,35,0
15,Y,1,1,36,0
15,Y,1,1,37,0
15,Y,1,1,38,0
15,Y,1,1,39,0
15,Y,1,1,40,0
15,Y,1,1,41,0
15,Y,1,1,42,0
15,Y,1,1,43,0
15,Y,1,1,44,0
15,Y,1,1,45,0
16,Y,1,1,1,40
16,Y,1,1,2,128
16,Y,1,1,3,62
16,Y,1,1,4,41
16,Y,1,1,5,18
16,Y,1,1,6,111
16,Y,1,1,7,6
16,Y,1,1,8,5
16,Y,1,1,9,6
16,Y,1,1,10,21
16,Y,1,1,11,70
16,Y,1,1,12,55
16,Y,1,1,13,4
16,Y,1,1,14,19
16,Y,1,1,15,52
16,Y,1,1,16,6
16,Y,1,1,17,62
16,Y,1,1,18,0
16,Y,1,1,19,31
16,Y,1,1,20,111
16,Y,1,1,21,18
16,Y,1,1,22,3
16,Y,1,1,23,52
16,Y,1,1,24,7
16,Y,1,1,25,44
16,Y,1,1,26,0
16,Y,1,1,27,58
16,Y,1,1,28,88
16,Y,1,1,29,5
16,Y,1,1,30,8
16,Y,1,1,31,-18
16,Y,1,1,32,68
16,Y,1,1,33,53
16,Y,1,1,34,2
16,Y,1,1,35,5
16,Y,1,1,36,28
16,Y,1,1,37,50
16,Y,1,1,38,1
16,Y,1,1,39,6
16,Y,1,1,40,-3
16,Y,1,1,41,7
16,Y,1,1,42,37
16,Y,1,1,43,7
16,Y,1,1,44,25
16,Y,1,1,45,0
17,Y,1,1,1,0
17,Y,1,1,2,4
17,Y,1,1,3,0
17,Y,1,1,4,0
17,Y,1,1,5,0
17,Y,1,1,6,0
17,Y,1,1,7,0
17,Y,1,1,8,0
17,Y,1,1,9,0
17,Y,1,1,10,0
17,Y,1,1,11,0
17,Y,1,1,12,10
17,Y,1,1,13,0
17,Y,1,1,14,0
17,Y,1,1,15,0
17,Y,1,1,16,31
17,Y,1,1,17,0
17,Y,1,1,18,-3
17,Y,1,1,19,0
17,Y,1,1,20,3
17,Y,1,1,21,0
17,Y,1,1,22,5
17,Y,1,1,23,0
17,Y,1,1,24,0
17,Y,1,1,25,0
17,Y,1,1,26,0
17,Y,1,1,27,0
17,Y,1,1,28,11
17,Y,1,1,29,0
17,Y,1,1,30,13
17,Y,1,1,31,0
17,Y,1,1,32,0
17,Y,1,1,33,0
17,Y,1,1,34,0
17,Y,1,1,35,0
17,Y,1,1,36,0
17,Y,1,1,37,0
17,Y,1,1,38,0
17,Y,1,1,39,0
17,Y,1,1,40,0
17,Y,1,1,41,13
17,Y,1,1,42,13
17,Y,1,1,43,0
17,Y,1,1,44,0
17,Y,1,1,45,-3
18,Y,1,1,1,0
18,Y,1,1,2,0
18,Y,1,1,3,0
18,Y,1,1,4,2
18,Y,1,1,5,18
18,Y,1,1,6,0
18,Y,1,1,7,0
18,Y,1,1,8,8
18,Y,1,1,9,0
18,Y,1,1,10,0
18,Y,1,1,11,13
18,Y,1,1,12,39
18,Y,1,1,13,0
18,Y,1,1,14,0
18,Y,1,1,15,0
18,Y,1,1,16,0
18,Y,1,1,17,42
18,Y,1,1,18,0
18,Y,1,1,19,0
18,Y,1,1,20,0
18,Y,1,1,21,0
18,Y,1,1,22,0
18,Y,1,1,23,18
18,Y,1,1,24,1
18,Y,1,1,25,0
18,Y,1,1,26,0
18,Y,1,1,27,0
18,Y,1,1,28,0
18,Y,1,1,29,0
18,Y,1,1,30,0
18,Y,1,1,31,0
18,Y,1,1,32,31
18,Y,1,1,33,2
18,Y,1,1,34,85
18,Y,1,1,35,2
18,Y,1,1,36,0
18,Y,1,1,37,-24
18,Y,1,1,38,0
18,Y,1,1,39,0
18,Y,1,1,40,0
18,Y,1,1,41,1
18,Y,1,1,42,0
18,Y,1,1,43,0
18,Y,1,1,44,0
18,Y,1,1,45,0
19,Y,1,1,1,45
19,Y,1,1,2,1
19,Y,1,1,3,28
19,Y,1,1,4,0
19,Y,1,1,5,0
19,Y,1,1,6,0
19,Y,1,1,7,0
19,Y,1,1,8,-2
19,Y,1,1,9,6
19,Y,1,1,10,1
19,Y,1,1,11,10
19,Y,1,1,12,12
19,Y,1,1,13,0
19,Y,1,1,14,10
19,Y,1,1,15,0
19,Y,1,1,16,0
19,Y,1,1,17,0
19,Y,1,1,18,0
19,Y,1,1,19,41
19,Y,1,1,20,19
19,Y,1,1,21,15
19,Y,1,1,22,38
19,Y,1,1,23,-2
19,Y,1,1,24,31
19,Y,1,1,25,10
19,Y,1,1,26,7
19,Y,1,1,27,0
19,Y,1,1,28,0
19,Y,1,1,29,1
19,Y,1,1,30,0
19,Y,1,1,31,33
19,Y,1,1,32,0
19,Y,1,1,33,0
19,Y,1,1,34,116
19,Y,1,1,35,51
19,Y,1,1,36,23
19,Y,1,1,37,24
19,Y,1,1,38,31
19,Y,1,1,39,-6
19,Y,1,1,40,6
19,Y,1,1,41,23
19,Y,1,1,42,10
19,Y,1,1,43,0
19,Y,1,1,44,0
19,Y,1,1,45,0
20,Y,1,1,1,0
20,Y,1,1,2,3
20,Y,1,1,3,0
20,Y,1,1,4,0
20,Y,1,1,5,0
20,Y,1,1,6,0
20,Y,1,1,7,10
20,Y,1,1,8,0
20,Y,1,1,9,20
20,Y,1,1,10,30
20,Y,1,1,11,0
20,Y,1,1,12,11
20,Y,1,1,13,0
20,Y,1,1,14,0
20,Y,1,1,15,0
20,Y,1,1,16,5
20,Y,1,1,17,0
20,Y,1,1,18,0
20,Y,1,1,19,0
20,Y,1,1,20,0
20,Y,1,1,21,0
20,Y,1,1,22,0
20,Y,1,1,23,0
20,Y,1,1,24,16
20,Y,1,1,25,0
20,Y,1,1,26,0
20,Y,1,1,27,0
20,Y,1,1,28,0
20,Y,1,1,29,15
20,Y,1,1,30,0
20,Y,1,1,31,0
20,Y,1,1,32,-1
20,Y,1,1,33,2
20,Y,1,1,34,0
20,Y,1,1,35,20
20,Y,1,1,36,0
20,Y,1,1,37,13
20,Y,1,1,38,0
20,Y,1,1,39,0
20,Y,1,1,40,0
20,Y,1,1,41,0
20,Y,1,1,42,0
20,Y,1,1,43,0
20,Y,1,1,44,0
20,Y,1,1,45,0
21,Y,1,1,1,3
21,Y,1,1,2,22
21,Y,1,1,3,0
21,Y,1,1,4,2
21,Y,1,1,5,0
21,Y,1,1,6,0
21,Y,1,1,7,4
21,Y,1,1,8,0
21,Y,1,1,9,10
21,Y,1,1,10,4
21,Y,1,1,11,5
21,Y,1,1,12,20
21,Y,1,1,13,3
21,Y,1,1,14,2
21,Y,1,1,15,5
21,Y,1,1,16,27
21,Y,1,1,17,21
21,Y,1,1,18,0
21,Y,1,1,19,0
21,Y,1,1,20,5
21,Y,1,1,21,0
21,Y,1,1,22,0
21,Y,1,1,23,0
21,Y,1,1,24,9
21,Y,1,1,25,16
21,Y,1,1,26,0
21,Y,1,1,27,3
21,Y,1,1,28,0
21,Y,1,1,29,5
21,Y,1,1,30,1
21,Y,1,1,31,12
21,Y,1,1,32,0
21,Y,1,1,33,0
21,Y,1,1,34,0
21,Y,1,1,35,5
21,Y,1,1,36,5
21,Y,1,1,37,6
21,Y,1,1,38,0
21,Y,1,1,39,0
21,Y,1,1,40,0
21,Y,1,1,41,14
21,Y,1,1,42,-5
21,Y,1,1,43,0
21,Y,1,1,44,3
21,Y,1,1,45,18
22,Y,1,1,1,147
22,Y,1,1,2,12
22,Y,1,1,3,15
22,Y,1,1,4,79
22,Y,1,1,5,125
22,Y,1,1,6,2
22,Y,1,1,7,131
22,Y,1,1,8,0
22,Y,1,1,9,14
22,Y,1,1,10,2
22,Y,1,1,11,78
22,Y,1,1,12,35
22,Y,1,1,13,121
22,Y,1,1,14,60
22,Y,1,1,15,28
22,Y,1,1,16,64
22,Y,1,1,17,64
22,Y,1,1,18,29
22,Y,1,1,19,74
22,Y,1,1,20,92
22,Y,1,1,21,63
22,Y,1,1,22,10
22,Y,1,1,23,5
22,Y,1,1,24,15
22,Y,1,1,25,12
22,Y,1,1,26,22
22,Y,1,1,27,23
22,Y,1,1,28,36
22,Y,1,1,29,4
22,Y,1,1,30,10
22,Y,1,1,31,14
22,Y,1,1,32,55
22,Y,1,1,33,234
22,Y,1,1,34,15
22,Y,1,1,35,22
22,Y,1,1,36,47
22,Y,1,1,37,0
22,Y,1,1,38,66
22,Y,1,1,39,76
22,Y,1,1,40,0
22,Y,1,1,41,0
22,Y,1,1,42,80
22,Y,1,1,43,104
22,Y,1,1,44,-3
22,Y,1,1,45,106
23,Y,1,1,1,19
23,Y,1,1,2,1
23,Y,1,1,3,72
23,Y,1,1,4,85
23,Y,1,1,5,28
23,Y,1,1,6,85
23,Y,1,1,7,55
23,Y,1,1,8,2
23,Y,1,1,9,60
23,Y,1,1,10,13
23,Y,1,1,11,36
23,Y,1,1,12,97
23,Y,1,1,13,72
23,Y,1,1,14,8
23,Y,1,1,15,49
23,Y,1,1,16,18
23,Y,1,1,17,19
23,Y,1,1,18,359
23,Y,1,1,19,120
23,Y,1,1,20,372
23,Y,1,1,21,12
23,Y,1,1,22,299
23,Y,1,1,23,27
23,Y,1,1,24,33
23,Y,1,1,25,262
23,Y,1,1,26,0
23,Y,1,1,27,5
23,Y,1,1,28,43
23,Y,1,1,29,5
23,Y,1,1,30,33
23,Y,1,1,31,288
23,Y,1,1,32,3
23,Y,1,1,33,6
23,Y,1,1,34,185
23,Y,1,1,35,97
23,Y,1,1,36,123
23,Y,1,1,37,105
23,Y,1,1,38,98
23,Y,1,1,39,0
23,Y,1,1,40,228
23,Y,1,1,41,44
23,Y,1,1,42,27
23,Y,1,1,43,671
23,Y,1,1,44,5
23,Y,1,1,45,3
24,Y,1,1,1,0
24,Y,1,1,2,13
24,Y,1,1,3,53
24,Y,1,1,4,155
24,Y,1,1,5,7
24,Y,1,1,6,0
24,Y,1,1,7,54
24,Y,1,1,8,15
24,Y,1,1,9,0
24,Y,1,1,10,248
24,Y,1,1,11,36
24,Y,1,1,12,116
24,Y,1,1,13,0
24,Y,1,1,14,11
24,Y,1,1,15,68
24,Y,1,1,16,43
24,Y,1,1,17,18
24,Y,1,1,18,5
24,Y,1,1,19,39
24,Y,1,1,20,0
24,Y,1,1,21,5
24,Y,1,1,22,600
24,Y,1,1,23,8
24,Y,1,1,24,0
24,Y,1,1,25,0
24,Y,1,1,26,8
24,Y,1,1,27,98
24,Y,1,1,28,0
24,Y,1,1,29,45
24,Y,1,1,30,403
24,Y,1,1,31,10
24,Y,1,1,32,144
24,Y,1,1,33,75
24,Y,1,1,34,89
24,Y,1,1,35,22
24,Y,1,1,36,712
24,Y,1,1,37,7
24,Y,1,1,38,0
24,Y,1,1,39,0
24,Y,1,1,40,0
24,Y,1,1,41,16
24,Y,1,1,42,0
24,Y,1,1,43,0
24,Y,1,1,44,76
24,Y,1,1,45,14
25,Y,1,1,1,22
25,Y,1,1,2,0
25,Y,1,1,3,0
25,Y,1,1,4,0
25,Y,1,1,5,8
25,Y,1,1,6,0
25,Y,1,1,7,0
25,Y,1,1,8,2
25,Y,1,1,9,0
25,Y,1,1,10,0
25,Y,1,1,11,17
25,Y,1,1,12,0
25,Y,1,1,13,0
25,Y,1,1,14,0
25,Y,1,1,15,0
25,Y,1,1,16,0
25,Y,1,1,17,8
25,Y,1,1,18,0
25,Y,1,1,19,5
25,Y,1,1,20,0
25,Y,1,1,21,23
25,Y,1,1,22,50
25,Y,1,1,23,0
25,Y,1,1,24,4
25,Y,1,1,25,0
25,Y,1,1,26,0
25,Y,1,1,27,0
25,Y,1,1,28,27
25,Y,1,1,29,12
25,Y,1,1,30,22
25,Y,1,1,31,0
25,Y,1,1,32,0
25,Y,1,1,33,32
25,Y,1,1,34,0
25,Y,1,1,35,0
25,Y,1,1,36,0
25,Y,1,1,37,15
25,Y,1,1,38,0
25,Y,1,1,39,0
25,Y,1,1,40,10
25,Y,1,1,41,0
25,Y,1,1,42,6
25,Y,1,1,43,11
25,Y,1,1,44,0
25,Y,1,1,45,10
26,Y,1,1,1,10
26,Y,1,1,2,5
26,Y,1,1,3,5
26,Y,1,1,4,2
26,Y,1,1,5,0
26,Y,1,1,6,11
26,Y,1,1,7,0
26,Y,1,1,8,0
26,Y,1,1,9,0
26,Y,1,1,10,0
26,Y,1,1,11,0
26,Y,1,1,12,0
26,Y,1,1,13,0
26,Y,1,1,14,7
26,Y,1,1,15,2
26,Y,1,1,16,5
26,Y,1,1,17,0
26,Y,1,1,18,0
26,Y,1,1,19,2
26,Y,1,1,20,3
26,Y,1,1,21,0
26,Y,1,1,22,0
26,Y,1,1,23,0
26,Y,1,1,24,0
26,Y,1,1,25,0
26,Y,1,1,26,13
26,Y,1,1,27,0
26,Y,1,1,28,0
26,Y,1,1,29,1
26,Y,1,1,30,39
26,Y,1,1,31,0
26,Y,1,1,32,0
26,Y,1,1,33,0
26,Y,1,1,34,0
26,Y,1,1,35,0
26,Y,1,1,36,0
26,Y,1,1,37,0
26,Y,1,1,38,-4
26,Y,1,1,39,4
26,Y,1,1,40,0
26,Y,1,1,41,0
26,Y,1,1,42,-1
26,Y,1,1,43,0
26,Y,1,1,44,0
26,Y,1,1,45,0
27,Y,1,1,1,19
27,Y,1,1,2,145
27,Y,1,1,3,56
27,Y,1,1,4,7
27,Y,1,1,5,0
27,Y,1,1,6,114
27,Y,1,1,7,449
27,Y,1,1,8,60
27,Y,1,1,9,8
27,Y,1,1,10,34
27,Y,1,1,11,127
27,Y,1,1,12,23
27,Y,1,1,13,131
27,Y,1,1,14,62
27,Y,1,1,15,24
27,Y,1,1,16,266
27,Y,1,1,17,26
27,Y,1,1,18,164
27,Y,1,1,19,220
27,Y,1,1,20,44
27,Y,1,1,21,65
27,Y,1,1,22,135
27,Y,1,1,23,12
27,Y,1,1,24,323
27,Y,1,1,25,92
27,Y,1,1,26,92
27,Y,1,1,27,103
27,Y,1,1,28,166
27,Y,1,1,29,406
27,Y,1,1,30,659
27,Y,1,1,31,68
27,Y,1,1,32,0
27,Y,1,1,33,462
27,Y,1,1,34,190
27,Y,1,1,35,37
27,Y,1,1,36,135
27,Y,1,1,37,10
27,Y,1,1,38,97
27,Y,1,1,39,15
27,Y,1,1,40,58
27,Y,1,1,41,102
27,Y,1,1,42,79
27,Y,1,1,43,12
27,Y,1,1,44,103
27,Y,1,1,45,293
28,Y,1,1,1,84
28,Y,1,1,2,103
28,Y,1,1,3,37
28,Y,1,1,4,19
28,Y,1,1,5,30
28,Y,1,1,6,123
28,Y,1,1,7,22
28,Y,1,1,8,72
28,Y,1,1,9,8
28,Y,1,1,10,236
28,Y,1,1,11,37
28,Y,1,1,12,4
28,Y,1,1,13,41
28,Y,1,1,14,63
28,Y,1,1,15,373
28,Y,1,1,16,74
28,Y,1,1,17,281
28,Y,1,1,18,229
28,Y,1,1,19,15
28,Y,1,1,20,44
28,Y,1,1,21,30
28,Y,1,1,22,250
28,Y,1,1,23,320
28,Y,1,1,24,32
28,Y,1,1,25,111
28,Y,1,1,26,64
28,Y,1,1,27,79
28,Y,1,1,28,89
28,Y,1,1,29,51
28,Y,1,1,30,515
28,Y,1,1,31,68
28,Y,1,1,32,0
28,Y,1,1,33,320
28,Y,1,1,34,169
28,Y,1,1,35,89
28,Y,1,1,36,164
28,Y,1,1,37,49
28,Y,1,1,38,5
28,Y,1,1,39,2
28,Y,1,1,40,45
28,Y,1,1,41,131
28,Y,1,1,42,8
28,Y,1,1,43,25
28,Y,1,1,44,98
28,Y,1,1,45,157
29,Y,1,1,1,42
29,Y,1,1,2,4
29,Y,1,1,3,27
29,Y,1,1,4,0
29,Y,1,1,5,27
29,Y,1,1,6,290
29,Y,1,1,7,184
29,Y,1,1,8,5
29,Y,1,1,9,0
29,Y,1,1,10,0
29,Y,1,1,11,66
29,Y,1,1,12,120
29,Y,1,1,13,0
29,Y,1,1,14,23
29,Y,1,1,15,126
29,Y,1,1,16,7
29,Y,1,1,17,10
29,Y,1,1,18,41
29,Y,1,1,19,0
29,Y,1,1,20,1
29,Y,1,1,21,8
29,Y,1,1,22,9
29,Y,1,1,23,40
29,Y,1,1,24,112
29,Y,1,1,25,7
29,Y,1,1,26,0
29,Y,1,1,27,38
29,Y,1,1,28,38
29,Y,1,1,29,40
29,Y,1,1,30,18
29,Y,1,1,31,69
29,Y,1,1,32,60
29,Y,1,1,33,5
29,Y,1,1,34,154
29,Y,1,1,35,68
29,Y,1,1,36,64
29,Y,1,1,37,114
29,Y,1,1,38,0
29,Y,1,1,39,5
29,Y,1,1,40,0
29,Y,1,1,41,33
29,Y,1,1,42,0
29,Y,1,1,43,0
29,Y,1,1,44,3
29,Y,1,1,45,14
30,Y,1,1,1,0
30,Y,1,1,2,35
30,Y,1,1,3,194
30,Y,1,1,4,13
30,Y,1,1,5,0
30,Y,1,1,6,10
30,Y,1,1,7,13
30,Y,1,1,8,9
30,Y,1,1,9,2
30,Y,1,1,10,7
30,Y,1,1,11,44
30,Y,1,1,12,34
30,Y,1,1,13,0
30,Y,1,1,14,-7
30,Y,1,1,15,21
30,Y,1,1,16,104
30,Y,1,1,17,28
30,Y,1,1,18,75
30,Y,1,1,19,1
30,Y,1,1,20,152
30,Y,1,1,21,0
30,Y,1,1,22,0
30,Y,1,1,23,16
30,Y,1,1,24,0
30,Y,1,1,25,107
30,Y,1,1,26,68
30,Y,1,1,27,14
30,Y,1,1,28,0
30,Y,1,1,29,157
30,Y,1,1,30,31
30,Y,1,1,31,31
30,Y,1,1,32,0
30,Y,1,1,33,2
30,Y,1,1,34,-3
30,Y,1,1,35,43
30,Y,1,1,36,17
30,Y,1,1,37,23
30,Y,1,1,38,9
30,Y,1,1,39,0
30,Y,1,1,40,4
30,Y,1,1,41,17
30,Y,1,1,42,3
30,Y,1,1,43,84
30,Y,1,1,44,0
30,Y,1,1,45,11
31,Y,1,1,1,10
31,Y,1,1,2,26
31,Y,1,1,3,155
31,Y,1,1,4,20
31,Y,1,1,5,0
31,Y,1,1,6,14
31,Y,1,1,7,15
31,Y,1,1,8,2
31,Y,1,1,9,208
31,Y,1,1,10,5
31,Y,1,1,11,10
31,Y,1,1,12,0
31,Y,1,1,13,0
31,Y,1,1,14,0
31,Y,1,1,15,1
31,Y,1,1,16,104
31,Y,1,1,17,23
31,Y,1,1,18,0
31,Y,1,1,19,2
31,Y,1,1,20,12
31,Y,1,1,21,13
31,Y,1,1,22,0
31,Y,1,1,23,20
31,Y,1,1,24,5
31,Y,1,1,25,79
31,Y,1,1,26,0
31,Y,1,1,27,216
31,Y,1,1,28,11
31,Y,1,1,29,24
31,Y,1,1,30,0
31,Y,1,1,31,25
31,Y,1,1,32,20
31,Y,1,1,33,0
31,Y,1,1,34,23
31,Y,1,1,35,40
31,Y,1,1,36,0
31,Y,1,1,37,21
31,Y,1,1,38,8
31,Y,1,1,39,5
31,Y,1,1,40,20
31,Y,1,1,41,7
31,Y,1,1,42,0
31,Y,1,1,43,1
31,Y,1,1,44,0
31,Y,1,1,45,42
32,Y,1,1,1,0
32,Y,1,1,2,0
32,Y,1,1,3,23
32,Y,1,1,4,0
32,Y,1,1,5,2
32,Y,1,1,6,5
32,Y,1,1,7,23
32,Y,1,1,8,0
32,Y,1,1,9,5
32,Y,1,1,10,0
32,Y,1,1,11,59
32,Y,1,1,12,0
32,Y,1,1,13,13
32,Y,1,1,14,61
32,Y,1,1,15,33
32,Y,1,1,16,5
32,Y,1,1,17,0
32,Y,1,1,18,5
32,Y,1,1,19,23
32,Y,1,1,20,0
32,Y,1,1,21,0
32,Y,1,1,22,28
32,Y,1,1,23,0
32,Y,1,1,24,0
32,Y,1,1,25,30
32,Y,1,1,26,0
32,Y,1,1,27,0
32,Y,1,1,28,0
32,Y,1,1,29,0
32,Y,1,1,30,120
32,Y,1,1,31,8
32,Y,1,1,32,1
32,Y,1,1,33,0
32,Y,1,1,34,0
32,Y,1,1,35,19
32,Y,1,1,36,0
32,Y,1,1,37,0
32,Y,1,1,38,43
32,Y,1,1,39,29
32,Y,1,1,40,-21
32,Y,1,1,41,28
32,Y,1,1,42,110
32,Y,1,1,43,12
32,Y,1,1,44,24
32,Y,1,1,45,15
33,Y,1,1,1,0
33,Y,1,1,2,5
33,Y,1,1,3,37
33,Y,1,1,4,50
33,Y,1,1,5,0
33,Y,1,1,6,77
33,Y,1,1,7,196
33,Y,1,1,8,0
33,Y,1,1,9,32
33,Y,1,1,10,21
33,Y,1,1,11,0
33,Y,1,1,12,127
33,Y,1,1,13,0
33,Y,1,1,14,145
33,Y,1,1,15,19
33,Y,1,1,16,0
33,Y,1,1,17,0
33,Y,1,1,18,124
33,Y,1,1,19,14
33,Y,1,1,20,37
33,Y,1,1,21,25
33,Y,1,1,22,6
33,Y,1,1,23,3
33,Y,1,1,24,48
33,Y,1,1,25,55
33,Y,1,1,26,50
33,Y,1,1,27,21
33,Y,1,1,28,0
33,Y,1,1,29,5
33,Y,1,1,30,39
33,Y,1,1,31,5
33,Y,1,1,32,45
33,Y,1,1,33,10
33,Y,1,1,34,48
33,Y,1,1,35,6
33,Y,1,1,36,0
33,Y,1,1,37,0
33,Y,1,1,38,12
33,Y,1,1,39,85
33,Y,1,1,40,26
33,Y,1,1,41,20
33,Y,1,1,42,5
33,Y,1,1,43,25
33,Y,1,1,44,75
33,Y,1,1,45,60
34,Y,1,1,1,11
34,Y,1,1,2,17
34,Y,1,1,3,0
34,Y,1,1,4,27
34,Y,1,1,5,22
34,Y,1,1,6,38
34,Y,1,1,7,33
34,Y,1,1,8,2
34,Y,1,1,9,30
34,Y,1,1,10,22
34,Y,1,1,11,10
34,Y,1,1,12,38
34,Y,1,1,13,18
34,Y,1,1,14,7
34,Y,1,1,15,5
34,Y,1,1,16,24
34,Y,1,1,17,263
34,Y,1,1,18,6
34,Y,1,1,19,0
34,Y,1,1,20,9
34,Y,1,1,21,30
34,Y,1,1,22,33
34,Y,1,1,23,11
34,Y,1,1,24,78
34,Y,1,1,25,33
34,Y,1,1,26,5
34,Y,1,1,27,48
34,Y,1,1,28,34
34,Y,1,1,29,86
34,Y,1,1,30,0
34,Y,1,1,31,13
34,Y,1,1,32,1
34,Y,1,1,33,13
34,Y,1,1,34,0
34,Y,1,1,35,32
34,Y,1,1,36,0
34,Y,1,1,37,2
34,Y,1,1,38,22
34,Y,1,1,39,14
34,Y,1,1,40,20
34,Y,1,1,41,53
34,Y,1,1,42,11
34,Y,1,1,43,1
34,Y,1,1,44,9
34,Y,1,1,45,17
35,Y,1,1,1,311
35,Y,1,1,2,171
35,Y,1,1,3,142
35,Y,1,1,4,68
35,Y,1,1,5,307
35,Y,1,1,6,729
35,Y,1,1,7,577
35,Y,1,1,8,772
35,Y,1,1,9,87
35,Y,1,1,10,26
35,Y,1,1,11,646
35,Y,1,1,12,196
35,Y,1,1,13,114
35,Y,1,1,14,637
35,Y,1,1,15,604
35,Y,1,1,16,108
35,Y,1,1,17,222
35,Y,1,1,18,4187
35,Y,1,1,19,1183
35,Y,1,1,20,271
35,Y,1,1,21,-966
35,Y,1,1,22,25
35,Y,1,1,23,514
35,Y,1,1,24,711
35,Y,1,1,25,247
35,Y,1,1,26,47
35,Y,1,1,27,331
35,Y,1,1,28,419
35,Y,1,1,29,224
35,Y,1,1,30,370
35,Y,1,1,31,770
35,Y,1,1,32,1945
35,Y,1,1,33,91
35,Y,1,1,34,14
35,Y,1,1,35,61
35,Y,1,1,36,102
35,Y,1,1,37,1235
35,Y,1,1,38,28
35,Y,1,1,39,763
35,Y,1,1,40,682
35,Y,1,1,41,63
35,Y,1,1,42,94
35,Y,1,1,43,61
35,Y,1,1,44,129
35,Y,1,1,45,10
36,Y,1,1,1,118
36,Y,1,1,2,90
36,Y,1,1,3,37
36,Y,1,1,4,44
36,Y,1,1,5,168
36,Y,1,1,6,57
36,Y,1,1,7,231
36,Y,1,1,8,325
36,Y,1,1,9,19
36,Y,1,1,10,12
36,Y,1,1,11,148
36,Y,1,1,12,3
36,Y,1,1,13,91
36,Y,1,1,14,561
36,Y,1,1,15,382
36,Y,1,1,16,0
36,Y,1,1,17,121
36,Y,1,1,18,154
36,Y,1,1,19,357
36,Y,1,1,20,20
36,Y,1,1,21,81
36,Y,1,1,22,64
36,Y,1,1,23,732
36,Y,1,1,24,395
36,Y,1,1,25,59
36,Y,1,1,26,196
36,Y,1,1,27,629
36,Y,1,1,28,194
36,Y,1,1,29,13
36,Y,1,1,30,13
36,Y,1,1,31,239
36,Y,1,1,32,858
36,Y,1,1,33,96
36,Y,1,1,34,52
36,Y,1,1,35,0
36,Y,1,1,36,432
36,Y,1,1,37,136
36,Y,1,1,38,52
36,Y,1,1,39,209
36,Y,1,1,40,162
36,Y,1,1,41,212
36,Y,1,1,42,207
36,Y,1,1,43,60
36,Y,1,1,44,49
36,Y,1,1,45,71
37,Y,1,1,1,41
37,Y,1,1,2,0
37,Y,1,1,3,0
37,Y,1,1,4,0
37,Y,1,1,5,0
37,Y,1,1,6,26
37,Y,1,1,7,40
37,Y,1,1,8,0
37,Y,1,1,9,0
37,Y,1,1,10,0
37,Y,1,1,11,0
37,Y,1,1,12,0
37,Y,1,1,13,199
37,Y,1,1,14,0
37,Y,1,1,15,213
37,Y,1,1,16,0
37,Y,1,1,17,0
37,Y,1,1,18,0
37,Y,1,1,19,0
37,Y,1,1,20,238
37,Y,1,1,21,0
37,Y,1,1,22,10
37,Y,1,1,23,15
37,Y,1,1,24,184
37,Y,1,1,25,126
37,Y,1,1,26,0
37,Y,1,1,27,40
37,Y,1,1,28,0
37,Y,1,1,29,0
37,Y,1,1,30,0
37,Y,1,1,31,0
37,Y,1,1,32,112
37,Y,1,1,33,30
37,Y,1,1,34,224
37,Y,1,1,35,0
37,Y,1,1,36,39
37,Y,1,1,37,0
37,Y,1,1,38,18
37,Y,1,1,39,51
37,Y,1,1,40,8
37,Y,1,1,41,0
37,Y,1,1,42,0
37,Y,1,1,43,6
37,Y,1,1,44,16
37,Y,1,1,45,319
38,Y,1,1,1,0
38,Y,1,1,2,0
38,Y,1,1,3,11
38,Y,1,1,4,20
38,Y,1,1,5,10
38,Y,1,1,6,10
38,Y,1,1,7,27
38,Y,1,1,8,0
38,Y,1,1,9,61
38,Y,1,1,10,7
38,Y,1,1,11,0
38,Y,1,1,12,0
38,Y,1,1,13,364
38,Y,1,1,14,0
38,Y,1,1,15,0
38,Y,1,1,16,0
38,Y,1,1,17,0
38,Y,1,1,18,0
38,Y,1,1,19,12
38,Y,1,1,20,5
38,Y,1,1,21,0
38,Y,1,1,22,0
38,Y,1,1,23,0
38,Y,1,1,24,0
38,Y,1,1,25,0
38,Y,1,1,26,0
38,Y,1,1,27,0
38,Y,1,1,28,0
38,Y,1,1,29,0
38,Y,1,1,30,0
38,Y,1,1,31,30
38,Y,1,1,32,0
38,Y,1,1,33,48
38,Y,1,1,34,41
38,Y,1,1,35,0
38,Y,1,1,36,0
38,Y,1,1,37,0
38,Y,1,1,38,0
38,Y,1,1,39,0
38,Y,1,1,40,34
38,Y,1,1,41,0
38,Y,1,1,42,0
38,Y,1,1,43,0
38,Y,1,1,44,0
38,Y,1,1,45,29
39,Y,1,1,1,31
39,Y,1,1,2,33
39,Y,1,1,3,61
39,Y,1,1,4,56
39,Y,1,1,5,34
39,Y,1,1,6,33
39,Y,1,1,7,134
39,Y,1,1,8,5
39,Y,1,1,9,25
39,Y,1,1,10,33
39,Y,1,1,11,19
39,Y,1,1,12,39
39,Y,1,1,13,27
39,Y,1,1,14,130
39,Y,1,1,15,178
39,Y,1,1,16,8
39,Y,1,1,17,15
39,Y,1,1,18,15
39,Y,1,1,19,26
39,Y,1,1,20,24
39,Y,1,1,21,26
39,Y,1,1,22,36
39,Y,1,1,23,24
39,Y,1,1,24,21
39,Y,1,1,25,116
39,Y,1,1,26,52
39,Y,1,1,27,178
39,Y,1,1,28,150
39,Y,1,1,29,9
39,Y,1,1,30,30
39,Y,1,1,31,1
39,Y,1,1,32,0
39,Y,1,1,33,118
39,Y,1,1,34,25
39,Y,1,1,35,33
39,Y,1,1,36,109
39,Y,1,1,37,29
39,Y,1,1,38,55
39,Y,1,1,39,23
39,Y,1,1,40,15
39,Y,1,1,41,104
39,Y,1,1,42,13
39,Y,1,1,43,49
39,Y,1,1,44,27
39,Y,1,1,45,303
40,Y,1,1,1,108
40,Y,1,1,2,58
40,Y,1,1,3,42
40,Y,1,1,4,61
40,Y,1,1,5,6
40,Y,1,1,6,0
40,Y,1,1,7,29
40,Y,1,1,8,15
40,Y,1,1,9,0
40,Y,1,1,10,15
40,Y,1,1,11,17
40,Y,1,1,12,42
40,Y,1,1,13,60
40,Y,1,1,14,113
40,Y,1,1,15,29
40,Y,1,1,16,149
40,Y,1,1,17,48
40,Y,1,1,18,109
40,Y,1,1,19,-78
40,Y,1,1,20,174
40,Y,1,1,21,24
40,Y,1,1,22,0
40,Y,1,1,23,0
40,Y,1,1,24,113
40,Y,1,1,25,80
40,Y,1,1,26,15
40,Y,1,1,27,0
40,Y,1,1,28,66
40,Y,1,1,29,46
40,Y,1,1,30,20
40,Y,1,1,31,107
40,Y,1,1,32,10
40,Y,1,1,33,12
40,Y,1,1,34,0
40,Y,1,1,35,0
40,Y,1,1,36,88
40,Y,1,1,37,1
40,Y,1,1,38,2
40,Y,1,1,39,0
40,Y,1,1,40,134
40,Y,1,1,41,22
40,Y,1,1,42,13
40,Y,1,1,43,23
40,Y,1,1,44,12
40,Y,1,1,45,90
41,Y,1,1,1,21
41,Y,1,1,2,0
41,Y,1,1,3,0
41,Y,1,1,4,0
41,Y,1,1,5,10
41,Y,1,1,6,3
41,Y,1,1,7,5
41,Y,1,1,8,0
41,Y,1,1,9,6
41,Y,1,1,10,10
41,Y,1,1,11,5
41,Y,1,1,12,0
41,Y,1,1,13,0
41,Y,1,1,14,5
41,Y,1,1,15,6
41,Y,1,1,16,5
41,Y,1,1,17,0
41,Y,1,1,18,0
41,Y,1,1,19,0
41,Y,1,1,20,6
41,Y,1,1,21,11
41,Y,1,1,22,0
41,Y,1,1,23,0
41,Y,1,1,24,21
41,Y,1,1,25,0
41,Y,1,1,26,0
41,Y,1,1,27,19
41,Y,1,1,28,0
41,Y,1,1,29,5
41,Y,1,1,30,0
41,Y,1,1,31,24
41,Y,1,1,32,0
41,Y,1,1,33,16
41,Y,1,1,34,0
41,Y,1,1,35,0
41,Y,1,1,36,0
41,Y,1,1,37,0
41,Y,1,1,38,9
41,Y,1,1,39,102
41,Y,1,1,40,0
41,Y,1,1,41,0
41,Y,1,1,42,0
41,Y,1,1,43,0
41,Y,1,1,44,0
41,Y,1,1,45,0
42,Y,1,1,1,51
42,Y,1,1,2,2
42,Y,1,1,3,62
42,Y,1,1,4,75
42,Y,1,1,5,19
42,Y,1,1,6,0
42,Y,1,1,7,1
42,Y,1,1,8,61
42,Y,1,1,9,33
42,Y,1,1,10,31
42,Y,1,1,11,109
42,Y,1,1,12,35
42,Y,1,1,13,17
42,Y,1,1,14,24
42,Y,1,1,15,-93
42,Y,1,1,16,0
42,Y,1,1,17,80
42,Y,1,1,18,38
42,Y,1,1,19,4
42,Y,1,1,20,70
42,Y,1,1,21,-11
42,Y,1,1,22,10
42,Y,1,1,23,2
42,Y,1,1,24,19
42,Y,1,1,25,0
42,Y,1,1,26,5
42,Y,1,1,27,37
42,Y,1,1,28,60
42,Y,1,1,29,17
42,Y,1,1,30,0
42,Y,1,1,31,40
42,Y,1,1,32,37
42,Y,1,1,33,12
42,Y,1,1,34,48
42,Y,1,1,35,10
42,Y,1,1,36,12
42,Y,1,1,37,147
42,Y,1,1,38,53
42,Y,1,1,39,174
42,Y,1,1,40,0
42,Y,1,1,41,19
42,Y,1,1,42,5
42,Y,1,1,43,0
42,Y,1,1,44,13
42,Y,1,1,45,17
43,Y,1,1,1,0
43,Y,1,1,2,9
43,Y,1,1,3,0
43,Y,1,1,4,13
43,Y,1,1,5,51
43,Y,1,1,6,0
43,Y,1,1,7,6
43,Y,1,1,8,69
43,Y,1,1,9,0
43,Y,1,1,10,6
43,Y,1,1,11,0
43,Y,1,1,12,46
43,Y,1,1,13,19
43,Y,1,1,14,0
43,Y,1,1,15,0
43,Y,1,1,16,0
43,Y,1,1,17,0
43,Y,1,1,18,0
43,Y,1,1,19,20
43,Y,1,1,20,145
43,Y,1,1,21,80
43,Y,1,1,22,190
43,Y,1,1,23,0
43,Y,1,1,24,149
43,Y,1,1,25,0
43,Y,1,1,26,0
43,Y,1,1,27,185
43,Y,1,1,28,129
43,Y,1,1,29,0
43,Y,1,1,30,15
43,Y,1,1,31,0
43,Y,1,1,32,0
43,Y,1,1,33,0
43,Y,1,1,34,0
43,Y,1,1,35,0
43,Y,1,1,36,-3
43,Y,1,1,37,5
43,Y,1,1,38,0
43,Y,1,1,39,0
43,Y,1,1,40,0
43,Y,1,1,41,10
43,Y,1,1,42,0
43,Y,1,1,43,0
43,Y,1,1,44,0
43,Y,1,1,45,13
44,Y,1,1,1,0
44,Y,1,1,2,0
44,Y,1,1,3,30
44,Y,1,1,4,25
44,Y,1,1,5,0
44,Y,1,1,6,0
44,Y,1,1,7,6
44,Y,1,1,8,0
44,Y,1,1,9,0
44,Y,1,1,10,0
44,Y,1,1,11,74
44,Y,1,1,12,24
44,Y,1,1,13,0
44,Y,1,1,14,21
44,Y,1,1,15,0
44,Y,1,1,16,0
44,Y,1,1,17,0
44,Y,1,1,18,5
44,Y,1,1,19,0
44,Y,1,1,20,98
44,Y,1,1,21,3
44,Y,1,1,22,0
44,Y,1,1,23,0
44,Y,1,1,24,126
44,Y,1,1,25,0
44,Y,1,1,26,6
44,Y,1,1,27,11
44,Y,1,1,28,10
44,Y,1,1,29,0
44,Y,1,1,30,0
44,Y,1,1,31,0
44,Y,1,1,32,0
44,Y,1,1,33,0
44,Y,1,1,34,13
44,Y,1,1,35,0
44,Y,1,1,36,2
44,Y,1,1,37,0
44,Y,1,1,38,0
44,Y,1,1,39,18
44,Y,1,1,40,0
44,Y,1,1,41,0
44,Y,1,1,42,0
44,Y,1,1,43,0
44,Y,1,1,44,16
44,Y,1,1,45,95
45,Y,1,1,1,0
45,Y,1,1,2,14
45,Y,1,1,3,13
45,Y,1,1,4,0
45,Y,1,1,5,2
45,Y,1,1,6,0
45,Y,1,1,7,0
45,Y,1,1,8,8
45,Y,1,1,9,0
45,Y,1,1,10,-6
45,Y,1,1,11,0
45,Y,1,1,12,0
45,Y,1,1,13,11
45,Y,1,1,14,20
45,Y,1,1,15,12
45,Y,1,1,16,0
45,Y,1,1,17,0
45,Y,1,1,18,0
45,Y,1,1,19,0
45,Y,1,1,20,0
45,Y,1,1,21,1
45,Y,1,1,22,0
45,Y,1,1,23,9
45,Y,1,1,24,0
45,Y,1,1,25,0
45,Y,1,1,26,0
45,Y,1,1,27,20
45,Y,1,1,28,0
45,Y,1,1,29,17
45,Y,1,1,30,0
45,Y,1,1,31,1
45,Y,1,1,32,0
45,Y,1,1,33,0
45,Y,1,1,34,0
45,Y,1,1,35,0
45,Y,1,1,36,51
45,Y,1,1,37,0
45,Y,1,1,38,0
45,Y,1,1,39,0
45,Y,1,1,40,0
45,Y,1,1,41,0
45,Y,1,1,42,0
45,Y,1,1,43,5
45,Y,1,1,44,81
45,Y,1,1,45,0
46,Y,1,1,1,18
46,Y,1,1,2,72
46,Y,1,1,3,58
46,Y,1,1,4,65
46,Y,1,1,5,135
46,Y,1,1,6,89
46,Y,1,1,7,58
46,Y,1,1,8,78
46,Y,1,1,9,79
46,Y,1,1,10,70
46,Y,1,1,11,107
46,Y,1,1,12,50
46,Y,1,1,13,25
46,Y,1,1,14,197
46,Y,1,1,15,58
46,Y,1,1,16,12
46,Y,1,1,17,448
46,Y,1,1,18,18
46,Y,1,1,19,30
46,Y,1,1,20,233
46,Y,1,1,21,3
46,Y,1,1,22,46
46,Y,1,1,23,102
46,Y,1,1,24,57
46,Y,1,1,25,72
46,Y,1,1,26,7
46,Y,1,1,27,52
46,Y,1,1,28,181
46,Y,1,1,29,109
46,Y,1,1,30,304
46,Y,1,1,31,105
46,Y,1,1,32,139
46,Y,1,1,33,9
46,Y,1,1,34,40
46,Y,1,1,35,29
46,Y,1,1,36,83
46,Y,1,1,37,40
46,Y,1,1,38,47
46,Y,1,1,39,65
46,Y,1,1,40,103
46,Y,1,1,41,42
46,Y,1,1,42,278
46,Y,1,1,43,129
46,Y,1,1,44,60
46,Y,1,1,45,172
47,Y,1,1,1,4
47,Y,1,1,2,7
47,Y,1,1,3,13
47,Y,1,1,4,0
47,Y,1,1,5,0
47,Y,1,1,6,22
47,Y,1,1,7,4
47,Y,1,1,8,7
47,Y,1,1,9,1
47,Y,1,1,10,1
47,Y,1,1,11,62
47,Y,1,1,12,16
47,Y,1,1,13,0
47,Y,1,1,14,0
47,Y,1,1,15,4
47,Y,1,1,16,0
47,Y,1,1,17,0
47,Y,1,1,18,0
47,Y,1,1,19,28
47,Y,1,1,20,0
47,Y,1,1,21,0
47,Y,1,1,22,5
47,Y,1,1,23,0
47,Y,1,1,24,27
47,Y,1,1,25,5
47,Y,1,1,26,45
47,Y,1,1,27,3
47,Y,1,1,28,16
47,Y,1,1,29,26
47,Y,1,1,30,9
47,Y,1,1,31,16
47,Y,1,1,32,0
47,Y,1,1,33,0
47,Y,1,1,34,3
47,Y,1,1,35,0
47,Y,1,1,36,5
47,Y,1,1,37,0
47,Y,1,1,38,0
47,Y,1,1,39,60
47,Y,1,1,40,6
47,Y,1,1,41,2
47,Y,1,1,42,5
47,Y,1,1,43,0
47,Y,1,1,44,5
47,Y,1,1,45,14
48,Y,1,1,1,17
48,Y,1,1,2,43
48,Y,1,1,3,6
48,Y,1,1,4,17
48,Y,1,1,5,31
48,Y,1,1,6,21
48,Y,1,1,7,24
48,Y,1,1,8,5
48,Y,1,1,9,20
48,Y,1,1,10,21
48,Y,1,1,11,0
48,Y,1,1,12,0
48,Y,1,1,13,22
48,Y,1,1,14,43
48,Y,1,1,15,21
48,Y,1,1,16,0
48,Y,1,1,17,18
48,Y,1,1,18,26
48,Y,1,1,19,12
48,Y,1,1,20,0
48,Y,1,1,21,0
48,Y,1,1,22,210
48,Y,1,1,23,6
48,Y,1,1,24,15
48,Y,1,1,25,0
48,Y,1,1,26,10
48,Y,1,1,27,46
48,Y,1,1,28,0
48,Y,1,1,29,37
48,Y,1,1,30,5
48,Y,1,1,31,0
48,Y,1,1,32,15
48,Y,1,1,33,5
48,Y,1,1,34,19
48,Y,1,1,35,3
48,Y,1,1,36,0
48,Y,1,1,37,44
48,Y,1,1,38,0
48,Y,1,1,39,37
48,Y,1,1,40,143
48,Y,1,1,41,32
48,Y,1,1,42,48
48,Y,1,1,43,15
48,Y,1,1,44,63
48,Y,1,1,45,15
49,Y,1,1,1,20
49,Y,1,1,2,26
49,Y,1,1,3,15
49,Y,1,1,4,36
49,Y,1,1,5,2
49,Y,1,1,6,46
49,Y,1,1,7,73
49,Y,1,1,8,6
49,Y,1,1,9,6
49,Y,1,1,10,24
49,Y,1,1,11,5
49,Y,1,1,12,9
49,Y,1,1,13,15
49,Y,1,1,14,0
49,Y,1,1,15,169
49,Y,1,1,16,0
49,Y,1,1,17,830
49,Y,1,1,18,0
49,Y,1,1,19,28
49,Y,1,1,20,0
49,Y,1,1,21,58
49,Y,1,1,22,608
49,Y,1,1,23,8
49,Y,1,1,24,43
49,Y,1,1,25,34
49,Y,1,1,26,0
49,Y,1,1,27,131
49,Y,1,1,28,38
49,Y,1,1,29,62
49,Y,1,1,30,16
49,Y,1,1,31,306
49,Y,1,1,32,144
49,Y,1,1,33,92
49,Y,1,1,34,51
49,Y,1,1,35,67
49,Y,1,1,36,41
49,Y,1,1,37,29
49,Y,1,1,38,53
49,Y,1,1,39,0
49,Y,1,1,40,411
49,Y,1,1,41,209
49,Y,1,1,42,567
49,Y,1,1,43,0
49,Y,1,1,44,203
49,Y,1,1,45,17
